{
    "html": {
      "head": {
        "meta": [
          { "charset": "UTF-8" },
          { "name": "viewport", "content": "width=device-width, initial-scale=1.0" }
        ],
        "title": "Calendario",
        "script": [
          { "src": "dados.json", "id": "jsonDados", "type": "application/json" }
        ],
        "link": [
          { "rel": "stylesheet", "href": "https://cdn.jsdelivr.net/npm/bootstrap-icons@1.11.3/font/bootstrap-icons.min.css" },
          { "rel": "stylesheet", "href": "style.css" }
        ]
      },
      "body": {
        "img": { "src": "Rainbow-Six.png", "alt": "", "height": "60px", "width": "100px" },
        "div": {
          "id": "container",
          "children": [
            { "i": { "class": "bi bi-caret-left-fill", "id": "prevMonth" } },
            { "div": { "id": "header", "textContent": "janeiro" } },
            { "i": { "class": "bi bi-caret-right-fill", "id": "nextMonth" } }
          ]
        },
        "table": {
          "thead": {
            "tr": {
              "th": [
                { "textContent": "Dom" },
                { "textContent": "Seg" },
                { "textContent": "Ter" },
                { "textContent": "Qua" },
                { "textContent": "Qui" },
                { "textContent": "Sex" },
                { "textContent": "Sáb" }
              ]
            }
          },
          "tbody": { "id": "dias" }
        },
        "script": { "src": "script.js" }
      }
    }
      }    

  