{
    "comments":[
        {
            "nome": "João:",
            "comentario": "Ótimo site! Gostei da navegação e da interação feita com o usuário."
        },
        {
            "nome": "Maria:",
            "comentario": "Gostei muito do site! Atendeu as minhas expectativas!!"
        },
        {
            "nome": "Daniel:",
            "comentario": "Site muito completo! Agora consigo me localizar quanto aos horários dos jogos que eu curto!!"
        },
        {
            "nome": "Luíza:",
            "comentario": "Site totalmente responsivo e adequado a qualquer tipo de tela! Sem contar no seu conteúdo, que era necessário para atender o público dos games!"
        }
    ]
}

